headline,date
Stock Market Today Dow heads fifth day losses Nasdaq also drops ahead Nvidia earnings Follow latest US market action Wednesday,2024-11-20
Stanley Black Decker updates targets plus Nvidia Palo Alto earnings deck Every weekday CNBC Investing Club Jim Cramer releases Homestretch actionable afternoon update time last hour trading,2024-11-20
Stocks fall Nvidia dips earnings report Live updates Stocks fell Wednesday Nvidia shares sliding 2 ahead highlyanticipated earnings report Investors also assessed disappointing results,2024-11-20
Stock Market News Today Dow Nasdaq Slip Investors Await Nvidia Earnings Live Updates All eyes Nvidias earnings report comes today market closes Live updates stocks bonds markets including Dow Jones,2024-11-20
Nvidia On Deck Will Report Spark Rally Live Coverage AI chipmaker Nvidia report fiscal Q3 results late Wednesday stock watchers interested guidance Q4,2024-11-20
Dow Jones Falls As Nvidia Earnings CEO Huang Remarks Loom AI Stock Soars Retail Stock Heads For Second Biggest Day Live Coverage Dow Jones lagged investors await Nvidia earnings stock market today Palo Alto Networks Snowflake also due report,2024-11-20
Nvidia may see huge stock price swing earnings Nvidias thirdquarter earnings reported closing bell Wednesday everyone focusing demand outlook end,2024-11-20
Bitcoin Boosts MicroStrategy MSTR Higher Trading Volume Than Tesla Nvidia Today MicroStrategy MSTR surpassed 100 billion market cap become 93rd largest publiclytraded company US At time writing,2024-11-20
Nvidia earnings deck Heres Wall Street watching Analysts expect chipmaker post earnings 75 cents per share 3316 billion revenue 80 revenue growth compared year,2024-11-20
Nvidias Blackwell AI GPU overheating issues seemingly overhyped semiconductor analysts reveal cooling issues mostly addressed Analysis report Nvidias Blackwell overheating problems overexaggerated Overheating issues purportedly largely addressed already,2024-11-20
GeForce Is Made Gaming CMP Is Made Mine,2021-02-18
NVIDIA Blackwell Platform Arrives Power New Era Computing,2024-03-18
NVIDIA Supercharges Hopper Worlds Leading AI Computing Platform,2023-11-13
Welcome GeForce NOW Performance Priority Members Get Instant Upgrade,2024-11-07
NVIDIA App Officially Released Download The Essential Companion For PC Gamers Creators,2024-11-12
Unlaunching The 12GB 4080,2022-10-14
NVIDIA Announces Financial Results Fourth Quarter Fiscal 2024,2024-02-21
GeForce RTX 40 SUPER Series New Heroes Debut Gaming Creating Universe With AI Their Superpower,2024-01-08
Widescreen Wonder Las Vegas Sphere Delivers Dazzling Displays,2024-07-09
Build Custom LLM ChatRTX,2024-03-18
NVIDIA Announces Financial Results Second Quarter Fiscal 2025,2024-08-28
What Is Metaverse,2021-08-10
NVIDIA Announces Financial Results First Quarter Fiscal 2022,2021-05-26
NVIDIA Brings RTX 4080 GeForce NOW,2023-01-03
NVIDIA Brings AI Assistants Life With GeForce RTX AI PCs,2024-06-02
High Can See Clearly Now AIPowered NVIDIA RTX Video HDR Transforms Standard Video Into Stunning High Dynamic Range,2024-01-24
NVIDIA Launches Generative AI Microservices Developers Create Deploy Generative AI Copilots Across NVIDIA CUDA GPU Installed Base,2024-03-18
NVIDIA ASML TSMC Synopsys Set Foundation NextGeneration Chip Manufacturing,2023-03-21
Test Drive The New NVIDIA App Beta The Essential Companion For PC Gamers Creators,2024-02-22
NVIDIA Announces Financial Results First Quarter Fiscal 2024,2023-05-24
NVIDIA Ethernet Networking Accelerates Worlds Largest AI Supercomputer Built xAI,2024-10-28
NVIDIA DLSS 35 Enhancing Ray Tracing With AI Coming This Fall To Alan Wake 2 Cyberpunk 2077 Phantom Liberty Portal RTX More,2023-08-22
GeForce RTX 30 Series Performance Accelerates With Resizable BAR Support,2021-03-30
Accelerate Everything NVIDIA CEO Says Ahead COMPUTEX,2024-06-02
MediaTek Partners With NVIDIA Transform Automobiles With AI Accelerated Computing,2023-05-28
Shining Brighter Together Googles Gemma Optimized Run NVIDIA GPUs,2024-02-21
Microsoft NVIDIA Announce Expansive New Gaming Deal,2023-02-21
GeForce RTX 4060 Launching June 29th Starting At 299,2023-06-22
NVIDIA App Beta Update Adds AV1 Recording OneClick Performance Tuning,2024-06-02
GeForce RTX 4070 Ti Brings NVIDIA Ada Lovelace Architecture To 799 Faster Than The RTX 3090 Ti At Almost Half The Power,2023-01-03
NVIDIA Announces Financial Results First Quarter Fiscal 2025,2024-05-22
NVIDIA Unveils NextGeneration GH200 Grace Hopper Superchip Platform Era Accelerated Computing Generative AI,2023-08-08
NVIDIA Brings Generative AI Millions With Tensor Core GPUs LLMs Tools RTX PCs Workstations,2024-01-08
GeForce RTX 40 SUPER Series Graphics Cards Launching This January For Supercharged Gaming Creating With SuperFast AI,2024-01-08
NVIDIA Accelerates Humanoid Robotics Development,2024-07-29
NVIDIA ACE Digital Human Technologies Showcased In First Game Mecha BREAK,2024-08-20
Level Up NVIDIA MediaTek Bring GSYNC Display Technologies More Gamers,2024-08-20
GeForce RTX 4060 RTX 4060 Ti Announced Available From May 24th Starting At 299,2023-05-18
NVIDIA GeForce RTX 4070 Brings Power Ada Lovelace Architecture DLSS 3 Millions More Gamers Creators Starting 599,2023-04-12
NVIDIA App Beta Adds GSYNC Controls RTX HDR MultiMonitor Support More GeForce News,2024-10-01
Eureka NVIDIA Research Breakthrough Puts New Spin Robot Learning,2023-10-20
NVIDIA Announces Financial Results Second Quarter Fiscal 2024,2023-08-23
Introducing Project GAssist A Preview Of How AI Assistants Can Enhance Games Apps,2024-06-02
NVIDIA Announces DGX GH200 AI Supercomputer,2023-05-28
NVIDIA Healthcare Launches Generative AI Microservices Advance Drug Discovery MedTech Digital Health,2024-03-18
TSMC Synopsys Bring Breakthrough NVIDIA Computational Lithography Platform Production,2024-03-18
NVIDIA Omniverse Expands Worlds Using Apple Vision Pro,2024-03-18
Announcing HalfLife 2 RTX An RTX Remix Project Being Built By The Community,2023-08-22
Black Myth Wukong Star Wars Outlaws GeForce Game Ready Driver Released,2024-08-20
Game Ready Driver Released For Atomic Heart DLSS 3 THE FINALS Closed Beta RTX Video Super Resolution,2023-02-28
CounterStrike 2 NVIDIA Reflex GeForce RTX 40 Series GPUs The Lowest System Latency Highest FPS,2023-09-27
California NVIDIA launch firstofitskind AI collaboration,2024-08-09
Live From Taipei NVIDIA CEO Unveils Gen AI Platforms Every Industry,2023-05-28
Diablo IV GeForce Game Ready Driver Released,2023-05-30
NVIDIA Reveals Gaming Creating Generative AI Robotics Innovations CES,2024-01-08
NVIDIA Grace Hopper Superchips Designed Accelerated Generative AI Enter Full Production,2023-05-28
GSYNC Displays Dazzle At CES 2024 GSYNC Pulsar Tech Unveiled GSYNC Comes To GeForce NOW Plus 24 New Models,2024-01-08
40 Years PACMAN Recreated AI NVIDIA Researchers,2020-05-22
Introducing GeForce RTX 4070 NVIDIA Ada Lovelace DLSS 3 Starting At 599,2023-04-12
See Future GTC 2024 NVIDIAs Jensen Huang Unveil Latest Breakthroughs Accelerated Computing Generative AI Robotics,2024-02-20
NVIDIA Global Partners Launch NIM Agent Blueprints Enterprises Make Their Own AI,2024-08-27
Fire It Up Mozilla Firefox Adds Support AIPowered NVIDIA RTX Video,2024-05-15
GTC Keynote WrapUp NVIDIA Bring AI Every Industry CEO Says,2023-03-21
NVIDIA ACE,2023-12-04
Introducing RTX Remix GeForce News,2022-09-20
Introducing NVIDIA ACE For Games Spark Life Into Virtual Characters With Generative AI,2023-05-28
DLSS 35 Full Ray Tracing Coming To Black Myth Wukong NARAKA BLADEPOINT Portal RTX Star Wars Outlaws Launching With DLSS 3 Ray Tracing,2024-03-14
NVIDIA Broadcast 14 Adds Eye Contact Vignette Effects With Virtual Background Enhancements GeForce News,2023-01-12
Pixel Perfect RTX Video Super Resolution Now Available GeForce RTX 40 30 Series GPUs,2023-02-28
NVIDIA RTX 2000 Ada Generation GPU Brings Performance Versatility Next Era AIAccelerated Design Visualization,2024-02-12
NVIDIA RTX Voice Setup Guide,2020-04-16
New NVIDIA RTX A400 A1000 GPUs Enhance AIPowered Design Productivity Workflows,2024-04-16
NVIDIA RTX Remix Open Beta Available Now Remaster The Classics With RTX,2024-01-22
NVIDIA DLSS GeForce RTX List Of All Games Engines And Applications Featuring GeForce RTXPowered Technology And Features,2021-05-31
New Performance Optimizations Supercharge NVIDIA RTX AI PCs Gamers Creators Developers,2024-05-21
SIGGRAPH Special Address NVIDIA CEO Brings Generative AI LA Show,2023-08-08
NVIDIA Makes Free Version Omniverse Available Millions Individual Creators Artists Worldwide,2022-01-04
Picture This Getty Images Releases Generative AI By iStock Powered NVIDIA AI Foundry,2024-01-08
NVIDIA RTX 500 1000 Professional Ada Generation Laptop GPUs Drive AIEnhanced Workflows From Anywhere,2024-02-26
NVIDIA SoftBank Corp Accelerate Japans Journey Global AI Powerhouse,2024-11-12
NVIDIA Announces Project GR00T Foundation Model Humanoid Robots Major Isaac Robotics Platform Update,2024-03-18
NVIDIA Announces Financial Results Third Quarter Fiscal 2024,2023-11-21
NVIDIA Announces Earth Climate Digital Twin,2024-03-18
Say What Chat With RTX Brings Custom Chatbot NVIDIA RTX AI PCs,2024-02-13
GameChanger How Worlds First GPU Leveled Up Gaming Ignited AI Era,2024-10-11
Meta Works NVIDIA Build Massive AI Research Supercomputer,2022-01-24
Mistral AI NVIDIA Unveil Mistral NeMo 12B CuttingEdge Enterprise AI Model,2024-07-18
NVIDIA Collaborates With SoftBank Corp Power SoftBanks NextGen Data Centers Using Grace Hopper Superchip Generative AI 5G6G,2023-05-28
NVIDIA Releases Digital Human Microservices Paving Way Future Generative AI Avatars,2024-06-02
NVIDIA Debuts AIEnhanced RealTime Ray Tracing Games Apps With New DLSS 35,2023-08-22
NVIDIA Digital Human Technologies Bring AI Game Characters To Life,2024-03-19
NVIDIA Launches DGX Cloud Giving Every Enterprise Instant Access AI Supercomputer From Browser,2023-03-21
NVIDIA Advances Robot Learning Humanoid Development With New AI Simulation Tools,2024-11-06
NVIDIA RTX IO GPUAccelerated Storage Technology Debuts This Month In Portal Prelude RTX Ratchet Clank Rift Apart,2023-07-18
Overwatch 2 GeForce RTX 40 Series GPUs NVIDIA Reflex reach 360 FPS 1440p,2022-10-04
NVIDIA Brings Generative AI Worlds Enterprises With Cloud Services Creating Large Language Visual Models,2023-03-21
NVIDIA Robotics Adopted Industry Leaders Development Tens Millions AIPowered Autonomous Machines,2024-06-02
GeForce RTX 4060 Family Is Here NVIDIAs Revolutionary Ada Lovelace Architecture Comes Core Gamers Everywhere Starting 299,2023-05-18
Celebrate HalfLife 2s 20th Anniversary Custom GeForce RTX 4080 Giveaway Tribute Video New Look At HalfLife 2 RTX,2024-11-14
Wide Open NVIDIA Accelerates Inference Meta Llama 3,2024-04-18
Nvidia Palantir Clover Health Joby Aviation Tesla Why These 5 Stocks Are On Investors Radars Today,2024-10-02
Nvidia CEO Jensen Huang Says Demand For NextGen Blackwell GPU Platform Insane Everyone Wants To Have The Most And Everyone Wants To Be First,2024-10-02
Biden Signs Law To Exempt Certain US Chipmaking Facilities From Federal Environmental Reviews Under CHIPS Act,2024-10-03
US Stocks Staring At Another Weak Open As Traders Await Key Jobs Report Sentiment Wavers As Oil Extends Surge Amid Middle East Tensions,2024-10-03
MarketMoving News October 3rd,2024-10-03
Whats Going On With Taiwan Semiconductor Sock On Thursday,2024-10-03
Top 10 Trending Stocks On WallStreetBets As Of October 3 2024 Via Swaggy Stocks,2024-10-03
OpenAI Gets 4 Billion Revolving Credit Line Giving It More Than 10 Billion In Liquidity CNBC,2024-10-03
Market Clubhouse Morning Memo October 2nd 2024 Trade Strategy For SPY QQQ AAPL MSFT NVDA GOOGL META And TSLA,2024-10-03
Whats Going On With Nvidia Stock On Thursday,2024-10-03
Nvidia Shares Are Moving Higher Whats Happening,2024-10-03
Investors Suffering Cognitive Dissonance Insane Demand For Nvidia Chips Anxiety Builds About Israel And Iran,2024-10-03
10 Information Technology Stocks Whale Activity In Todays Session,2024-10-03
OpenAIs Latest EyePopping Valuation Ignites Analyst Expectations For Tidal Wave Of AI Spending,2024-10-03
OpenAI Secures 4B Credit Line To Supercharge AI Ambitions And Expand NvidiaPowered Infrastructure Provides Flexibility To Seize Future Growth Opportunities,2024-10-03
Nvidias Troubles Mount As DOJ SEC Throw Their Weight Behind Class Action Lawsuit Alleging AI Chip Giant Misrepresented Crypto Revenue,2024-10-04
SoftBanks Masayoshi Son Predicts Artificial Superintelligence Within A Decade After Testing OpenAIs Strawberry Models,2024-10-04
US Stocks On Edge As Traders Brace For Crucial Jobs Report Why This Fund Manager Says AI Stocks Just Received Big Boost,2024-10-04
Whats Going On With Taiwan Semiconductor Stock On Friday,2024-10-04
Mark Zuckerberg Bulldozes Past Jeff Bezos To Become Worlds 2nd Richest Person As Meta Stock Soars Is Musks Top Spot In Jeopardy,2024-10-04
Nvidias Top Brass Unloaded Significant Stock In 2024 Amid AI Spending Chip Delays,2024-10-04
Top 10 Trending Stocks On WallStreetBets As Of October 4 2024 Via Swaggy Stocks,2024-10-04
Nvidia Trade Desk And A Financial Stock On CNBCs Final Trades,2024-10-04
ARM Stock SoftBanks AI Goals Vs Bearish Market Trends,2024-10-04
Market Clubhouse Morning Memo October 4th 2024 Trade Strategy For SPY QQQ AAPL MSFT NVDA GOOGL META And TSLA,2024-10-04
AI Stocks Ripping Barn Burner Jobs Report Could Powell Be Wrong,2024-10-04
10 Information Technology Stocks Whale Activity In Todays Session,2024-10-04
Labor Market Surprises With Strength Energy Stocks Rally On IsraelIran Tensions Chinese Tech Giants Rebound This Week In The Markets,2024-10-04
Michael Saylor Once Said Bitcoins Days Are Numbered Now He Holds More Than A Billion Worth Of King Crypto Heres What Changed For One Of Cryptos Biggest Advocates,2024-10-05
Benzinga Bulls And Bears Nvidia Apple Amazon Spirit Airlines And Dogecoin Drops But Whale Activity Remains High,2024-10-05
Consumer Tech News Sept 30Oct 4 Latest Windows 11 Update Causing Trouble Apple Accused Of Compelling Employees To Sign Illegal Agreements More,2024-10-06
Nvidias Blackwell GPU Musks OpenAI Accusations Teslas Robotaxi Event And More This Week In AI,2024-10-06
Schwab Trading Activity Falls In September Despite Market Strength Nvidia Palantir Among Most SoughtAfter Stocks But These 5 Fell Out Of Favor,2024-10-07
Wall Street Set To Start New Week Sharply Lower As Traders Brace For Key Economic Data And Fed Minutes Why Strategist Sees Market Consolidating In Near Term,2024-10-07
Nvidias GPU Sales Risk As China Pushes Local AI Chips Retaliation,2024-10-07
Whats Going On With US Listed Chinese Stocks Alibaba JD Nio Li Auto XPeng Monday,2024-10-07
Top 10 Trending Stocks On WallStreetBets As Of October 7 2024 Via Swaggy Stocks,2024-10-07
SP 500 Could Reach 6300 In 12 Months Says Goldman Sachs Driven By Strong AI Demand And Margin Expansion,2024-10-07
Market Clubhouse Morning Memo October 7th 2024 Trade Strategy For SPY QQQ AAPL MSFT NVDA GOOGL META And TSLA,2024-10-07
NVIDIAs Options A Look What Big Money Thinking,2024-10-07
Stock Market Investors Nervous About Potential Israeli Attack On Iran,2024-10-07
Whats Going On With Super Micro Computer Stock On Monday,2024-10-07
Bitcoin Ethereum And AI A Conversation With The CEO Of Bit Digital,2024-10-07
10 Information Technology Stocks With Whale Alerts In Todays Session,2024-10-07
Tradepulse Power Inflow Alert NVDL Graniteshares 2X Long NVDA Daily ETF Rises 6 After Signal,2024-10-07
Samsung Warns Of Q3 Profit Drop Amid Shipment Delays Of AI Chip Approved By Nvidia,2024-10-07
Alibaba Nvidia Riot Platforms Celsius Holdings Tesla Why These 5 Stocks Are On Investors Radars Today,2024-10-07
Apple Supplier Foxconn To Build Worlds Largest Nvidia Superchip Factory Amid Soaring AI Demand,2024-10-08
US Stocks Poised To Bounce Back As Bond Yields Dip Oil Prices Slide PepsiCo Pulls Back Setup Quite Positive For Equities Says Economist,2024-10-08
NextGen Nvidia GPUs Could Be Revealed CES 2025 What You Need Know,2024-10-08
Top 10 Trending Stocks On WallStreetBets As Of October 8 2024 Via Swaggy Stocks,2024-10-08
Intel Vs Oracle Can Apollos Rescue Plan Beat Oracles AI Cloud Domination,2024-10-08
Top Wall Street Forecasters Revamp Applied Digital Price Expectations Ahead Of Q1 Earnings,2024-10-08
Market Clubhouse Morning Memo October 8th 2024 Trade Strategy For SPY QQQ AAPL MSFT NVDA GOOGL META And TSLA,2024-10-08
UBS Reiterates Buy NVIDIA Maintains 150 Price Target,2024-10-08
Where NVIDIA Stands With Analysts,2024-10-08
Rising Yields And Higher Neutral Rate May Spoil The Party Biggest Stock Moves In Years Ahead,2024-10-08
Jensen Huang To Keynote CES 2025 As True Visionary In The Tech Industry How Much Did Nvidia Stock Rise Since Last Years Show,2024-10-08
Nvidia AMD Lead The Pack Broadcom Stable Intel Falters Analysts Latest Take,2024-10-08
10 Information Technology Stocks With Whale Alerts In Todays Session,2024-10-08
Stocks Rally As Oil Prices Tumble Tech Chipmakers Lead As Traders Focus On AI Winners Before Earnings Season Whats Driving Markets Tuesday,2024-10-08
Cantor Fitzgerald Reiterates Overweight NVIDIA Maintains 175 Price Target,2024-10-08
SP 500 Earnings Season Kicks Off Why Analysts Call This Quarter A Stock Pickers Paradise,2024-10-08
Astera Labs Stock Jumps After The Bell Whats Happening,2024-10-08
Bitcoin Dogecoin Muted Ethereum Gains Amid Stocks Rebound Analyst Says ETH Surpassing BTCs Returns Inevitable The Beast Will Take Over And Continue To Outperform,2024-10-08
SP Gains 1 As Nvidia Broadcom Shares Surge Investor Optimism Improves Fear Index Remains In Greed Zone,2024-10-09
Nvidia Poised To Overtake Apple As Worlds Most Valuable Company How Much Jensen Huangs Company Needs To Gain By Wednesday,2024-10-09
US Stocks Set To Open Marginally Lower Nvidia Gains Traders Eye Fed Minutes Strategist Predicts Many More Years Of Gains Ahead Of Bull Markets 2nd Anniversary,2024-10-09
Trading Taiwan Semiconductors Upcoming Litmus Test Through Direxions TSMX TSMZ Funds,2024-10-09
Why Nvidia Apple Chip Supplier TSMC Stock Is Rallying In Wednesdays Premarket,2024-10-09
Whats Going On With Astera Labs Stock Wednesday,2024-10-09
Top 10 Trending Stocks On WallStreetBets As Of October 9 2024 Via Swaggy Stocks,2024-10-09
Market Clubhouse Morning Memo October 9th 2024 Trade Strategy For SPY QQQ AAPL MSFT NVDA GOOGL META And TSLA,2024-10-09
Google Breakup On The Table Nvidia AI Summit Moves The Stock But Resistance Ahead,2024-10-09
A Look Into NVIDIA Incs Price Over Earnings,2024-10-09
10 Information Technology Stocks With Whale Alerts In Todays Session,2024-10-09
Cathie Woods Ark Invest Swoops In To Buy AMD Shares As Nvidia Looms Large,2024-10-09
Marjorie Taylor Greene Boosts Stock Portfolio With AI Exposure Buys JPMorgan And This Hot Magnificent 7 Stock Herere Congresswomans Latest Trades,2024-10-10
Morgan Stanley Reiterates Overweight NVIDIA Maintains 150 Price Target,2024-10-10
Jim Cramer Likes Reddit Very Much Calls Accenture A Great Buy,2024-10-10
Top 10 Trending Stocks On WallStreetBets As Of October 10 2024 Via Swaggy Stocks,2024-10-10
Market Clubhouse Morning Memo October 10th 2024 Trade Strategy For SPY QQQ AAPL MSFT NVDA GOOGL META And TSLA,2024-10-10
Hotter Inflation But Jobless Claims Cushion The Blow Selling In Nvidia And AI Stocks,2024-10-10
Taiwan Semiconductor Vs Broadcom Who Will Be The Next TrillionDollar AI Giant,2024-10-10
10 Information Technology Stocks Whale Activity In Todays Session,2024-10-10
Josh Brown Flags Monster Call Buying In Nvidia Up To 190 Strike This Is Not Retail Money,2024-10-10
18 Stocks To Buy 7 To Sell This Earnings Season Goldman Sachs Calls It The Year Of The Stock Picker,2024-10-10
Nvidias Blackwell Chip Faces AMDs MI350 Challenge In 2025 CEO Lisa Su Says Beginning Not The End Of The AI Race,2024-10-10
Retail Traders Unfazed By AI Hype Most Say 2024 Election Is As Relevant To Portfolios As A Magic 8Ball,2024-10-10
Nvidia Samsara And More On CNBCs Final Trades,2024-10-11
Top 10 Trending Stocks On WallStreetBets As Of October 11 2024 Via Swaggy Stocks,2024-10-11
NVIDIA Options Trading A Deep Dive Market Sentiment,2024-10-11
Goldman Sachs Maintains Buy NVIDIA Raises Price Target 150,2024-10-11
Nvidia Stock Surges As AI Dominance Fuels LongTerm Bull Run Gene Munster Waves Green Flag,2024-10-11
Analyzing NVIDIA In Comparison To Competitors In Semiconductors amp Semiconductor Equipment Industry,2024-10-11
Humanoid Robots May Be Biggest Product Ever Sell The News On Teslas We Robot And AMDs AI Event,2024-10-11
Does Jensen Huang Check Nvidia Stock Price Daily,2024-10-11
10 Information Technology Stocks Whale Activity In Todays Session,2024-10-11
AMD Stock Can Its AI Strategy Compete With Nvidia Analyst Predicts Market Share Gains Ahead,2024-10-11
Elon Musk To End Year As Richest Man In The World Prediction Market Says Yes Higher Chance Than Larry Ellison Or Jensen Huang,2024-10-12
Benzinga Bulls And Bears Nvidia Rivian Alphabet Palantir And Crypto Trader Says Shiba Inu Will Accelerate,2024-10-12
Election Interference Superchip Factories And TrillionDollar Opportunities AI Takes Center Stage,2024-10-13
Consumer Tech News Oct 7Oct 11 Apple TV To Be Available Through Prime Video Tesla Robotaxi To Disrupt Autonomous Driving Market More,2024-10-13
Nvidia CEO Jensen Huang Praises Elon Musk For Achieving Something With xAI In 19 Days That Usually Takes At Least A Year Singular In His Understanding Of Engineering,2024-10-14
Nvidias Jensen Huang Says ChatGPT Led To Awakening Of AI Praises Sam Altmans OpenAI As One Of Most Consequential Companies Of Our Time,2024-10-14
Top 10 Trending Stocks On WallStreetBets As Of October 14 2024 Via Swaggy Stocks,2024-10-14
Most Widely Hated Bull Market Reaches 2Year Milestone Top 20 SP 500 Stocks Driving The Rally,2024-10-14
Market Clubhouse Morning Memo October 14th 2024 Trade Strategy For SPY QQQ AAPL MSFT NVDA GOOGL META And TSLA,2024-10-14
Bonds Defy Expectations Earnings Season Will Be A Tell For AI,2024-10-14
Whats Going On With Nvidia Stock On Monday,2024-10-14
10 Information Technology Stocks Whale Activity In Todays Session,2024-10-14
NVIDIA Trump Media Technology Bausch Lomb Sirius XM And Other Big Stocks Moving Higher On Monday,2024-10-14
Taiwan Semiconductor Eyes 23B Q3 Revenue AI Demand Soars,2024-10-14
Nvidia Microstrategy Trump Media Technology Sofi Technologies And Tesla Why These 5 Stocks Are On Investors Radars Today,2024-10-14
Bitcoin Ethereum Dogecoin Soar As Stocks Register New AllTime Highs Top Analyst Says King Crypto On Track Toward 78K,2024-10-14
Nvidia AMD Face Chip Export Curbs As Biden Administration Considers Restrictions On MiddleEast Countries Others Report,2024-10-15
Wall Street On Edge As Nasdaq Nears Record High Oil Prices Plummet Strategist Says Theres Opportunity If Resilience Continues,2024-10-15
Why Nvidia AMD And Other Chipmakers Are Moving Lower In Tuesdays Premarket,2024-10-15
Nvidia PayPal United Rentals And An Energy Stock On CNBCs Final Trades,2024-10-15
Top 10 Trending Stocks On WallStreetBets As Of October 15 2024 Via Swaggy Stocks,2024-10-15
Amazon Strikes Nvidias Stronghold Through Databricks Deal Cutting AI Costs 40,2024-10-15
Market Clubhouse Morning Memo October 15th 2024 Trade Strategy For SPY QQQ AAPL MSFT NVDA GOOGL META And TSLA,2024-10-15
ASML Earnings Leak Sparks Broad Semiconductor SellOff Sector Down Sharply As Dutch Chipmaker Lowers 2025 Outlook,2024-10-15
Nvidia Intel Competition Threaten AMDs Growth Analyst Says,2024-10-15
Google Goes Nuclear For AI Power Israeli Restraint Impacts Stocks Gold And Oil,2024-10-15
10 Information Technology Stocks Whale Activity In Todays Session,2024-10-15
Chipmaker Stocks Sink On ASML Earnings Leak Oil Eyes Worst 1Day Drop This Year Small Caps Rally Whats Driving Markets Tuesday,2024-10-15
Marvell Showcases NextGen 3nm Technology Doubling Data Speeds AI Systems,2024-10-15
Unlikely SP 500 Stock Leaves Nvidia Behind With 241 Gain In 2024,2024-10-15
Nvidia Apple And Microsoft In Race For 4 Trillion Market Cap Stage Is Set For Tech Stocks For Another 20 Move Higher In 2025,2024-10-15
Bitcoin Marches Ahead Ethereum Dogecoin Flat Amid Stocks Reversal Analyst Highlights Factors Supporting King Cryptos Rise To 71K,2024-10-15
Amid Fear Of Chinas Access To Nvidia AMD Chips Through Middle East This CEO Assures UAE Reliable Partner For US We Can Guarantee The Safety And Security Of This Technology,2024-10-16
Nvidia AMD ASML And Other Chipmakers Drag Nasdaq Down Fear Index Moves To Greed Zone,2024-10-16
After ASML Rocks AI Hardware Names Gene Munster Explains Why Its Overreaction AI Trade Is On Track,2024-10-16
ASML Struggles In Wednesday PreMarket As Nvidia AMD And Other Peers Begin Recovery From Chipmakers Downward Pull,2024-10-16
Jensen Huang Inches Closer To Top 10 Richest People In The World Heres How Much More He Needs How Much Nvidia Stock Must Rise,2024-10-16
Super Micro Expands LiquidCooled AI Servers With Nvidia Power,2024-10-16
Whats Going On With Serve Robotics Stock Wednesday,2024-10-16
As Nvidia Apple And Microsoft Race Towards 4 Trillion Valuation Generative AI Startups Reportedly Draw 40 Of All VC Investment,2024-10-16
Market Clubhouse Morning Memo October 16th 2024 Trade Strategy For SPY QQQ AAPL MSFT NVDA GOOGL META And TSLA,2024-10-16
Smart Money Is Betting Big In NVDA Options,2024-10-16
ASML Stock Plunges Further On Lower 2025 Sales Outlook Analysts Break Down Semiconductor Challenges,2024-10-16
Alibaba And Baidu Bet Big On Autonomous Driving Back 700M Horizon Robotics IPO,2024-10-16
ASML Holding Stock Continues To Slide Other Chipmakers Bounce Back We Are Still Quite Optimistic About AI,2024-10-16
10 Information Technology Stocks Whale Activity In Todays Session,2024-10-16
Lenovos AI Push Grows Meta Nvidia Collaboration Outside China,2024-10-16
Nvidia Shares Are Rising Wednesday Whats Going On,2024-10-16
King Nvidia Technicals Will Determine The Stock Market Direction Overreaction To ASML Earnings,2024-10-16
US Lawmakers Demand Tougher Action On Huaweis Secretive Chip Network,2024-10-16
Nvidia Supplier TSMC Q3 Trumps Estimates On Strong AI Chip Demand Guides Q4 Above Consensus UPDATED,2024-10-17
Amid Nvidias Stratospheric Rally Billionaire Investor Druckenmiller Regrets Cashing Out Of AI Stalwarts Stock Im Licking My Wounds From A Bad Sale,2024-10-17
Why Nvidia AMD Micron Arm And Other Chipmakers Are Ripping Higher Premarket On Thursday,2024-10-17
Alibabas Lazada Leverages AI ECommerce Race Against Shopee TikTok Shop,2024-10-17
Shares chip stocks trading lower sympathy ASML fell issuing soft guidance Some stocks sector may also reports indicating US discussing curbing chip exports countries,2024-10-15
Market Clubhouse Morning Memo October 17th 2024 Trade Strategy For SPY QQQ AAPL MSFT NVDA GOOGL META And TSLA,2024-10-17
AI Chip Manufacturer Breaks Out Nvidia May Be Next Consumer Splurges Fed Spiked The Punch,2024-10-17
Apples 3nm Push Boosts Taiwan Semis Q3 AI Revenue Set To Triple Analyst,2024-10-17
10 Information Technology Stocks With Whale Alerts In Todays Session,2024-10-17
Metas AI OpenSource Claims Draw Criticism OSI Pushes For Transparency,2024-10-17
Chipmakers Rally Nvidia Smashes Records On TSMC Blowout Earnings Gold Hits AllTime Highs Whats Driving Markets Thursday,2024-10-17
Bitcoin Ethereum Muted Dogecoin Rallies As Market Maintains Greed Sentiment Analyst Predicts New Peak For King Crypto As US Elections And Potential Fed Rate Cut Looms,2024-10-17
Intel Reportedly Considers Selling Minority Stake In Altera Unit For 17B Amid Market Challenges Losing Ground To Nvidia And AMD As Stock Plummets Over 50 This Year,2024-10-17
Nvidia Supplier TSMC Will Push Back Against ASML Rumored Price Hikes Says Analyst Potential Pricing Standoff Imminent In Semiconductor Industry,2024-10-18
B A Securities Maintains Buy NVIDIA Raises Price Target 190,2024-10-18
Nvidia Executive Defends Teslas Optimus Robots Amid Criticism Thats A Huge AdvancementNot Something That Should Be Downplayed,2024-10-18
Top 10 Trending Stocks On WallStreetBets As Of October 18 2024 Via Swaggy Stocks,2024-10-18
Whats Going On With Nvidia Stock On Friday,2024-10-18
NVIDIA To Rally Around 39 Here Are 10 Top Analyst Forecasts For Friday,2024-10-18
American Express CEO Sees No Landing Watch Nvidia For A Breakout,2024-10-18
Market Clubhouse Morning Memo October 18th 2024 Trade Strategy For SPY QQQ AAPL MSFT NVDA GOOGL META And TSLA,2024-10-18
10 Information Technology Stocks Whale Activity In Todays Session,2024-10-18
AI Creates Generational Opportunity Why Nvidia Analyst Says Stock Will Hit 190,2024-10-18
Why Serve Robotics Shares Are Moving Today,2024-10-18
Nvidia Stock Is Up Over 233 In The Past Year And Tech Bulls Say It Could Go Even Higher From Here Youll See The Stock Double Over The Next Several Years,2024-10-20
Nvidia Google And Microsoft To Present AI Tools Aimed At Reducing Healthcare Worker Burnout At Las Vegas Conference,2024-10-20
AI Power Demand Skyrockets Nvidia CEO Lauds OpenAI And Teslas Optimus Robots Assisted By Humans This Week In AI,2024-10-20
Consumer Tech News Oct 1418 Biden Administration Considers Imposing Restrictions On Chip Sales Apple Inks Secret Deal With BYD More,2024-10-20
OpenAIs Chinese Cousins Alibaba And ByteDance Are Slashing AI Costs And Defying US Chip Sanctions Beijings Strength Is To Build Fast Build Reliably And Build Cheap,2024-10-20
Dan Ives Acknowledges Nvidia Microsoft As Core Drivers Of AI But Sees Palantir IBM AMD And Apple Joining The Party As Well Robust Q3 Earnings Expected,2024-10-21
Nvidias New Free Open Source AI Model Reportedly Outperforms OpenAIs GPT4o Anthropics Claude 35 Sonnet,2024-10-21
Investors Lost Over 95 Of Their Wealth In This NvidiaLinked ETF While Jensen HuangLed Chip Giant Gained 220 In The Past Year Heres More,2024-10-21
US Stocks Set To Open On A Mixed Note As Investors Await Earnings From Tesla Boeing GM And Others Strategist Predicts Significant Gains In This Bull Market,2024-10-21
IBM Expands OpenSource AI Granite 30 Empowering Enterprise Flexibility,2024-10-21
Top 10 Trending Stocks On WallStreetBets As Of October 21 2024 Via Swaggy Stocks,2024-10-21
Microsoft Salesforce Battle Heats Up As AI Agent Technology Takes Center Stage,2024-10-21
Goldman Sachs Predicts Bleak LongTerm SP 500 Returns As Market Concentration Hits Highest Level In 100 Years,2024-10-21
Nvidia Partners With Startup Aidoc To Accelerate Healthcare AI Adoption,2024-10-21
Stocks Fall As Treasury Yields Dollar Rise Nvidia Hits Record Highs Whats Driving Markets Monday,2024-10-21
10 Information Technology Stocks With Whale Alerts In Todays Session,2024-10-21
Nvidia Joins Big Tech Hyperscalers At HLTH Conference Partners With Microsoft To Drive AI Innovations,2024-10-21
Nvidia Stock Hits AllTime High Ahead Of Big Tech Earnings Whats Going On,2024-10-21
NVIDIAs Options Frenzy What You Need Know,2024-10-21
Nvidia Spirit Airlines SAP Trump Media Technology And Tesla Why These 5 Stocks Are On Investors Radars Today,2024-10-21
SAP Is Joining The AI Party As A Foundational Player Alongside Leaders Nvidia And Microsoft Says Wedbushs Dan Ives,2024-10-21
US Stocks Remains On Edge Ahead Of Flurry Of Earnings From Lockheed Martin GM And Others This Is Still A Buy The Dip Market Says Expert,2024-10-22
Nvidia Own It Dont Trade It Jim Cramer Questions ShortSellers As Stock Hits New Highs Tech Bull Dan Ives Celebrates With Trophies,2024-10-22
Top 10 Trending Stocks On WallStreetBets As Of October 22 2024 Via Swaggy Stocks,2024-10-22
Market Clubhouse Morning Memo October 22nd 2024 Trade Strategy For SPY QQQ AAPL MSFT NVDA GOOGL META And TSLA,2024-10-22
Nvidia Stock Hits AllTime Highs Heres How Much Nancy Pelosis 500 Call Options Are Worth Today,2024-10-22
Nvidia Accelerates Global Growth Eyes AI Chip Development India Expansion Thailand,2024-10-22
10 Information Technology Stocks Whale Activity In Todays Session,2024-10-22
EXCLUSIVE SoundHound AI Wants To VoiceEnable The World For Effortless Conversations Between People Products,2024-10-22
While Nvidia Shares Are Hitting AllTime High With Over 230 Return In The Past Year Some ETFs Linked To Jensen Huangs Chip Giant Have Surged By Almost 500 Heres More,2024-10-23
US Stocks Expected To Open In Red As Investors Eye Tesla Earnings Gold Surges Crude Slips As Analysts Predict A Stall In Risk Rally,2024-10-23
IBM Accenture Royal Caribbean Cruises And More On CNBCs Final Trades,2024-10-23
Top 10 Trending Stocks On WallStreetBets As Of October 23 2024 Via Swaggy Stocks,2024-10-23
Smart Money Is Betting Big In NVDA Options,2024-10-23
Market Clubhouse Morning Memo October 23rd 2024 Trade Strategy For SPY QQQ AAPL MSFT NVDA GOOGL META And TSLA,2024-10-23
Whats Going On With Nvidia Stock On Wednesday,2024-10-23
Attention To Silver Breakout Dollar Demand Surges On Trump Election Prospects,2024-10-23
5 Things To Know In Investing This Week The Central Bankers Are Delusional Issue,2024-10-23
10 Information Technology Stocks Whale Activity In Todays Session,2024-10-23
Dow Records Worst Session In Over A Month Apple Nvidia Drag Nasdaq Down Fear Index Remains In Greed Zone,2024-10-24
Nvidia Supplier SK Hynix Reports RecordBreaking Quarterly Profit As AI Demand Drives 7 Revenue Surge,2024-10-24
Nvidia CEO Jensen Huang Meets Indian Billionaire Mukesh Ambani Duo Forge Partnership To Build AI Infrastructure,2024-10-24
US Stocks Set To Open Higher As Teslas Strong Profit Margins Win Over Wall Street Wharton Economist Says UnderLoved Bull Market Could See Significant Upside,2024-10-24
Nvidia Chases Growth India AI Partnerships With Reliance Infosys Wipro Expanding Robotics And Key Industries,2024-10-24
Top 10 Trending Stocks On WallStreetBets As Of October 24 2024 Via Swaggy Stocks,2024-10-24
Taiwan Semiconductor Halts Shipments After Huawei Link Discovered US Sanctions Cited,2024-10-24
Sentiment From Tesla Earnings Counterbalances Rising Yields Good For Nvidia,2024-10-24
10 Information Technology Stocks Whale Activity In Todays Session,2024-10-24
Gary Black Fights Off Criticism Says Worst Performer In Future Fund Was Tesla Here Are His Holdings That Did Better,2024-10-24
Nvidias Almost 200 Gain Positions It Above Germany And Italy In Market Value Larger Than 5 G7 Countries Stock Markets Combined,2024-10-25
Tesla NvidiaLed Market Rally Now Pressures Investment Funds To Offload Shares To Avoid US Tax Lawsuits,2024-10-25
Satya Nadellas Salary Rose 63 To 791M But Heres Why The Microsoft CEO Is Taking A 5M Pay Cut,2024-10-25
Top 10 Trending Stocks On WallStreetBets As Of October 25 2024 Via Swaggy Stocks,2024-10-25
USA Scores Big Win Taiwan Semiconductor Arizona Plant Sees Good Production Yields,2024-10-25
Comparing NVIDIA With Industry Competitors In Semiconductors amp Semiconductor Equipment Industry,2024-10-25
Whats Going On With Nvidia AMD And Other Chip Stocks On Friday,2024-10-25
Nvidia Back On Top Edges Out Apple As AI Demand Drives Market Surge,2024-10-25
10 Information Technology Stocks Whale Activity In Todays Session,2024-10-25
Ahead Q3 Earnings Bank America Names Beneficiaries Surge Hyperscale Spending,2024-10-25
Will Teslas Giant Move Help NASDAQ Break Out,2024-10-25
Benzinga Bulls And Bears Nvidia Tesla MicroStrategy Plug Power And Crypto Traders Anticipate Dogecoin Topping 50 Cents,2024-10-26
AI Demand Fuels Record Profits Chip Controversies And Tech Giants Redefine AI Landscape This Week In The World Of Artificial Intelligence,2024-10-27
Consumer Tech News Oct 21Oct 25 Apple May Scale Back Production Of Vision Pro Headset Netflix Restructures Gaming Division,2024-10-27
Ahead Of Mag 7 Earnings Season Michael Saylor Celebrates Bitcoin Proxy MicroStrategys RecordBreaking Trading Volume Says King Crypto Makes Magnificent 8,2024-10-28
More Than A Third Of AIBased ETFs Were Launched In 2024 Focusing On Nvidia Microsoft Apple And Meta Among Others Heres How Some Of Them Have Performed This Year So Far,2024-10-28
Nasdaq Surges To Fresh Highs As Nvidia Meta And Amazon Register Gains Fear Index Remains In Greed Zone,2024-10-28
Whats Going On With Taiwan Semiconductor Stock On Monday,2024-10-28
Top 10 Trending Stocks On WallStreetBets As Of October 28 2024 Via Swaggy Stocks,2024-10-28
Fate Of Nasdaq 100 Depends On Just Five Earnings This Week Oil Falls On Israel Attack On Iran,2024-10-28
Market Clubhouse Morning Memo October 28th 2024 Trade Strategy For SPY QQQ AAPL MSFT NVDA GOOGL META And TSLA,2024-10-28
AMD Q3 Earnings Preview Can AI Server Gains Help Narrow The Semiconductor Gap With Nvidia,2024-10-28
Nvidia Taps Indias Growing AI Market Partnering Tech Giants Scaling Data Centers,2024-10-28
10 Information Technology Stocks Whale Activity In Todays Session,2024-10-28
Cruise Lines Among SP 500s Top October Performers Can Royal Caribbean Norwegian Earnings Sustain The Momentum,2024-10-28
Nvidias Executive Says AI Will Soon Take Human Form The Machine Is To The Body What AI Is To The Brain,2024-10-29
Bret Taylors AI Startup Sierra Hits 45B Valuation Just A Year After Launch OpenAI Chairs Latest Venture Towers Over These CenturyOld Brands,2024-10-29
Top 10 Trending Stocks On WallStreetBets As Of October 29 2024 Via Swaggy Stocks,2024-10-29
Check Out What Whales Are Doing With NVDA,2024-10-29
Intel Strengthens Ties China Invests 300 Million Expand Chip Operations,2024-10-29
Market Clubhouse Morning Memo October 29th 2024 Trade Strategy For SPY QQQ AAPL MSFT NVDA GOOGL META And TSLA,2024-10-29
Retail Investors Betting Money On A Trump Win Meta To Challenge Google Search Dominance,2024-10-29
Trump Goes After Taiwan Semiconductor On Joe Rogan Podcast,2024-10-29
10 Information Technology Stocks Whale Activity In Todays Session,2024-10-29
OpenAI Chooses Broadcom For AI Interface Chip Development,2024-10-29
Googles Cost Advantage With Custom Chips Only Nvidia Tops It Says Analyst,2024-10-29
Peter Thiels Founders Fund Leads 500M Fundraise In Waste GasPowered AI Cloud StartUp,2024-10-29
Jim Cramer Says Googles AI Investment Next Year Should Be Fabulous For Nvidia,2024-10-30
Top 10 Trending Stocks On WallStreetBets As Of October 30 2024 Via Swaggy Stocks,2024-10-30
Whats Going On With Chip Stocks Nvidia Broadcom Taiwan Semi Micron And Others Wednesday,2024-10-30
Alphabets Earnings Rally Pushes Magnificent 7 Market Cap To Record 168 Trillion 10 TechHeavy ETFs Moving Wednesday,2024-10-30
AMD Making Great Progress With AI Giants Jim Cramer Says AI Chip Story Is Not Just Jensen Huang,2024-10-30
10 Information Technology Stocks With Whale Alerts In Todays Session,2024-10-30
Under Radar The Quiet Risks That Drive Market Movements,2024-10-16
AMD Earnings Show Power Of Nvidia Software ADP Data Defies Expectations,2024-10-30
Market Clubhouse Morning Memo October 30th 2024 Trade Strategy For SPY QQQ AAPL MSFT NVDA GOOGL META And TSLA,2024-10-30
AMD Stock Drops On Q4 Outlook As 10 Analysts Highlight LongTerm AI Growth Opportunity Nvidia Rivalry,2024-10-30
Mark Zuckerberg Says Metas OpenSource Gambit Is Paying Off As Nvidia And AMD Optimize For Llama A Big Deal On Several Fronts,2024-10-30
AMD CEO Lisa Su No One Size Fits All In 500B AI Computing Future,2024-10-31
Samsung Profits Soar But Companys Nvidia AI Chip Race Lag Allows SK Hynix Micron To Take The Lead In HighBandwidth Memory,2024-10-31
AMDs AI Data Center Business Booms CEO Says Its Closed A Good Part Of That Gap With Nvidia,2024-10-31
Whats Going On With Taiwan Semiconductor Stock On Thursday,2024-10-31
Top 10 Trending Stocks On WallStreetBets As Of October 31 2024 Via Swaggy Stocks,2024-10-31
Here Is Why Investors Do Not Like Good Earnings From Microsoft And Meta Hotter Inflation Data,2024-10-31
These 10 Stocks Were SP 500s Top Performers In Bidens First Year Could Trend Continue If Harris Wins 2024 Election,2024-10-31
Andy Jassy Touts Deep Partnership With Nvidia But Amazon Is Doubling Down On InHouse Custom Silicon For PriceConscious Customers,2024-11-01
Analyst Throws Support Behind Intel CEO Gelsinger After BetterThanExpected Q3 Results If Youre Questioning Pat As The Leader Then Who Else,2024-11-01
Nvidias Runai Acquisition Draws European Regulatory Scrutiny On Competition Concerns,2024-11-01
Top 10 Trending Stocks On WallStreetBets As Of November 1 2024 Via Swaggy Stocks,2024-11-01
Intel Says It Wont Even Make 500M From Gaudi AI Chips In 2024 Despite Nvidia Minting Billions CEO Gelsinger Says Uptake Slower Than We Anticipated,2024-11-01
Apple Microsoft Need To Do More Than Just Beating Wall Street Estimates Says Analyst AI Enthusiasm And Potential Is Not Enough,2024-11-01
Jensen Huang Halloween Costume Move Over SpiderMan Batman Nvidia CEO Is Like A Superhero To Young Child In Taiwan,2024-10-31
10 Information Technology Stocks Whale Activity In Todays Session,2024-11-01
Nvidia Rides AI Wave To Replace Intel On Dow Jones Industrial Average Ending Its 25Year Run,2024-11-02
Chipotles Hiring Musks Predictions And Nvidias HumanLike AI This Week In Artificial Intelligence,2024-11-03
Consumer Tech News Oct 28Nov 1 Apple Starts Manufacturing EntryLevel iPhone Model US Bans Investments In Chinas Semiconductor AI More,2024-11-03
Nvidias Need For Speed Jensen Huang Pushes SK Hynix For Earlier Memory Chip Delivery,2024-11-04
Nvidia Supplier TSMC To Double Advanced Chip Packaging Capacity As AI Demand From Microsoft Amazon Soars,2024-11-04
US Stocks Likely To Open In Green Amid Hints Of Tentativeness On Election Eve Expert Says Brace For Volatility Ahead Of Feds Rate Decision,2024-11-04
End Of An Era AI Propels Nvidia To Replace Struggling Intel In Dow Index,2024-11-04
Nvidia Meta And A RideHailing Giant On CNBCs Final Trades,2024-11-04
Jim Cramer Reiterates Own Nvidia Dont Trade It But Says Jensen Huangs Chip Giant Should Go To Last Weeks Levels,2024-11-04
Top 10 Trending Stocks On WallStreetBets As Of November 4 2024 Via Swaggy Stocks,2024-11-04
Market Clubhouse Morning Memo November 4th 2024 Trade Strategy For SPY QQQ AAPL MSFT NVDA GOOGL META And TSLA,2024-11-04
EXCLUSIVE Top 20 MostSearched Tickers On Benzinga Pro In October 2024 Where Do Tesla Nvidia Apple DJT Stock Rank,2024-11-04
NVIDIAs Options A Look What Big Money Thinking,2024-11-04
Pay Attention To Warren Buffett Actions Nvidia Celebration Trump Trade Pulling Back,2024-11-04
Tesla Vs Nvidia Stock Performance Under Biden Might Reveal Truth About Elon Musks Support For Trump,2024-11-04
10 Information Technology Stocks Whale Activity In Todays Session,2024-11-04
Nvidia Joining Dow Jones Industrial Average Where Tech Giant Ranks In The Index Why SherwinWilliams Addition Could Be More Important,2024-11-04
Jim Cramer Keeps Recommending Tesla Because He Loves Space Stuff But Hes Not Keen On Ford I Cant Recommend The Stock,2024-11-04
Taiwan Semiconductor Faces Rising Energy Costs Potential Outages Threaten Production,2024-11-05
Dow Tumbles 250 Points As Investors Brace For HighStakes Presidential Election Greed Index Enters Fear Zone,2024-11-05
Super Micro Computer Posts Q1 Earnings Are Delisting Fears Here To Stay Or Can The Stock Rebound,2024-11-05
Top 10 Trending Stocks On WallStreetBets As Of November 5 2024 Via Swaggy Stocks,2024-11-05
Market Clubhouse Morning Memo November 5th 2024 Trade Strategy For SPY QQQ AAPL MSFT NVDA GOOGL META And TSLA,2024-11-05
Republican Win Likely To Lift Magnificent 7 Stocks Democratic Sweep Better For Bonds Says WisdomTree,2024-11-05
Nvidia Takes ShortLived Lead Over Apple In Valuation,2024-11-05
Here Is How Investors Can Capture Opportunities From The Election,2024-11-05
10 Information Technology Stocks Whale Activity In Todays Session,2024-11-05
Trump Win Could Hinder Tech EV Sector Growth Slow The Pace Of AI Revolution Analysts Lay Out 2024 Election Implications,2024-11-05
Magnificent 7 Basket Notches Over 200 Gain Since Bidens Election How Did Tech Giants Perform Under Trump,2024-11-05
Nvidia Blows Past Apple To Become Worlds Most Valuable Company,2024-11-05
Jim Cramer Blasts Super Micro Computers Earnings Better At Exonerating Itself Than Selling Nvidia GPUs,2024-11-05
100 Invested In This Stock 5 Years Ago Would Be Worth 2700 Today,2024-11-06
A Closer Look NVIDIAs Options Market Dynamics,2024-11-06
Chip Stocks Like Nvidia Broadcom Taiwan Semi Gain After Trump Win Whats Going On,2024-11-06
10 Information Technology Stocks With Whale Alerts In Todays Session,2024-11-06
Robinhood Reports Record Overnight Trading Volume 400 Million 2024 Election Contracts Traded,2024-11-06
How Did SP 500 Stock Sectors Perform During Trumps First Term Could This Time Be Different,2024-11-06
Alibabas AI Strategy Massive Ad Spend Dominate Crowded Market,2024-11-06
Deplay Cash And Reduce Hedges Short Term Opportunities At Hand Prepare For Long Term Opportunties,2024-11-06
Tim Cook Mark Zuckerberg And Jeff Bezos Congratulate Trump Whats Next For The Tech Giants,2024-11-07
Nvidia Partners With AI Startup Hugging Face To Supercharge Open Source Robotics,2024-11-07
Microsoft Shows Room To Climb As Tesla Nvidia Amazon Near 52Week Highs,2024-11-07
Market Clubhouse Morning Memo November 7th 2024 Trade Strategy For SPY QQQ AAPL MSFT NVDA GOOGL META And TSLA,2024-11-07
Top 10 Trending Stocks On WallStreetBets As Of November 7 2024 Via Swaggy Stocks,2024-11-07
How To Earn 500 A Month From Nvidia Stock After Trump Win,2024-11-07
10 Information Technology Stocks With Whale Alerts In Todays Session,2024-11-07
Bonds And Fed Front And Center As Bonds Approach Bottom Support Zone After Trump Win,2024-11-07
Wall Street Hits Record Highs After Powells Speech Lifts Magnificent 7 Stocks To 17 Trillion In Historic Trading,2024-11-07
After OpenAI And Perplexity AI Startup Anthropic May Secure Another Massive Investment Amazon Reportedly Considers Major Funding,2024-11-07
TSMC Shares Climb Despite Sluggish Growth In October Whats Going On,2024-11-08
Nvidias Chinese Rivals Gear Up For Trumps Return With New Strategies Overseas Expansion Hire Foreign Talent And More,2024-11-08
Top 10 Trending Stocks On WallStreetBets As Of November 8 2024 Via Swaggy Stocks,2024-11-08
Taiwan Semiconductor US Expansion Plans Unfazed Trump Win Report,2024-11-08
InDepth Analysis NVIDIA Versus Competitors In Semiconductors amp Semiconductor Equipment Industry,2024-11-08
Nvidia Taps Former NASA Astronaut To Enhance Board,2024-11-08
10 Information Technology Stocks Whale Activity In Todays Session,2024-11-08
Scale In On Trump Hopium Dips Watch Nvidia As An Indicator Big China Stimulus,2024-11-08
Benzinga Bulls And Bears Nvidia Rivian Plug Power Palantir And Dogecoins Beautiful Bounce,2024-11-09
Qualcomm Delivers Upbeat Results That Show Its Diversification Efforts Are Working,2024-11-09
Tesla Remains Core For Gary Black Despite Price Cuts Earnings Drop Nvidia Google Eli Lilly Among Top Performers In Tech Bulls Portfolio,2024-11-10
Nvidia Supplier TSMC Faces Regulatory Hurdles In Manufacturing 2Nanometer Chips Abroad Minister Says Core Technology Will Stay In Taiwan,2024-11-11
As Nvidia Replaces Intel On SP Dow Jones Indices Heres A Comparison Of How Both Stocks Performed Over The Past Year,2024-11-11
Morgan Stanley Maintains Overweight NVIDIA Raises Price Target 160,2024-11-11
Piper Sandler Maintains Overweight NVIDIA Raises Price Target 175,2024-11-11
Super Micro Computer Shares Are Down By Over 4 In PreMarket Whats Going On,2024-11-11
ASMLs IT Outage Affected Chipmaking Operations Worldwide,2024-11-11
Nvidia To Rally More Than 18 Here Are 10 Top Analyst Forecasts For Monday,2024-11-11
Top 10 Trending Stocks On WallStreetBets As Of November 11 2024 Via Swaggy Stocks,2024-11-11
NVIDIA Unusual Options Activity,2024-11-11
Market Clubhouse Morning Memo November 11th 2024 Trade Strategy For SPY QQQ AAPL MSFT NVDA GOOGL META And TSLA,2024-11-11
Market Analysis NVIDIA And Competitors In Semiconductors amp Semiconductor Equipment Industry,2024-11-11
Money Flows Out Of Gold Into Bitcoin Next Bitcoin Stop 100000 Aggressive Buying In Tesla,2024-11-11
Nvidias Blackwell Chip Revenue Could Hit 6 Billion Next Quarter Analyst,2024-11-11
The Analyst Verdict NVIDIA In The Eyes Of 33 Experts,2024-11-11
Why Are Chip Stocks Trading Lower On Monday,2024-11-11
Melius Research Maintains Buy NVIDIA Raises Price Target 185,2024-11-11
10 Information Technology Stocks With Whale Alerts In Todays Session,2024-11-11
UBS Maintains Buy NVIDIA Raises Price Target 185,2024-11-11
Nvidia CEO Jensen Huang Doesnt Wear A Watch After A Gardner Taught Him The Secret Of Time,2024-11-11
Ross Gerber Cathie Wood Or Gary Black Whose Funds Stack Up Against SP 500s Gains In 2024,2024-11-12
Redburn Atlantic Initiates Coverage On NVIDIA Buy Rating Announces Price Target 178,2024-11-12
Amazon Set To Introduce New AI Chips In December To Rival Jensen Huangs AI Stalwart We Want To Be Absolutely The Best Place To Run Nvidia,2024-11-12
Nancy Pelosis Stock Picks Broadcom And Nvidia Among Key AI Stocks Poised For Chip Boom Says Analyst,2024-11-12
Mizuho Maintains Outperform NVIDIA Raises Price Target 165,2024-11-12
Top 10 Trending Stocks On WallStreetBets As Of November 12 2024 Via Swaggy Stocks,2024-11-12
Insights Into NVIDIAs Performance Versus Peers In Semiconductors amp Semiconductor Equipment Sector,2024-11-12
Market Clubhouse Morning Memo November 12th 2024 Trade Strategy For SPY QQQ AAPL MSFT NVDA GOOGL META And TSLA,2024-11-12
Musk Spends 130M Tesla Gains 344B On Trump Election Stock Market Focusing On Trump Appointments,2024-11-12
10 Information Technology Stocks Whale Activity In Todays Session,2024-11-12
Trump Presidency Magnificent 7 Stock Impact Benzinga Readers Pick Tech Titan At Most Risk Following 2024 Election,2024-11-12
This Nvidia Analyst Begins Coverage On A Bullish Note Here Are Top 5 Initiations For Tuesday,2024-11-12
Nvidia To Rally Around 14 Here Are 10 Top Analyst Forecasts For Tuesday,2024-11-12
Bitcoin Surpasses Silvers Market Cap In Just 15 YearsHeres How Long It Took Other Giants To Reach This Milestone,2024-11-12
Nvidia And SoftBank To Build Japans Top AI Supercomputer On Blackwell Platform Jensen Huang Says Tokyo Is Leaping Into The AI Industrial Revolution,2024-11-13
Nvidia Set For Major Surge To 204 Analyst Predicts PostQ3 Boost Driven By Blackwell GPU Demand Strong Margins,2024-11-13
Top 10 Trending Stocks On WallStreetBets As Of November 13 2024 Via Swaggy Stocks,2024-11-13
Industry Comparison Evaluating NVIDIA Against Competitors In Semiconductors amp Semiconductor Equipment Industry,2024-11-13
Kyndryl Dell Nvidia Join Forces To Launch AI Private Cloud For Japanese Enterprises,2024-11-13
10 Information Technology Stocks With Whale Alerts In Todays Session,2024-11-13
Citigroup Maintains Buy NVIDIA Raises Price Target 170,2024-11-13
Nutanix Catalysts Include HCI Growth VMware Market Share Shift And AI Demand Analyst,2024-11-13
Spotlight NVIDIA Analyzing Surge Options Activity,2024-11-13
Buying In Stocks On Inflation Data Musk And Ramaswamy Doge,2024-11-13
Nvidias Crypto Past Returns To Haunt As Supreme Court Signals Green Light For Lawsuit,2024-11-13
AMD Plans To Cut 4 Of Workforce Amid Strategic Shift Toward AI Chip Development To Rival Jensen HuangLed Nvidias Dominance Report,2024-11-13
Nvidias CEO Reveals The Massive Deal He Missed And Why It Is Today A 36 Trillion Regret,2024-11-14
OpenAIs Operator AI Agent Will Perform Tasks Like Coding Travel Booking And More Launch Expected In January Next Year Report,2024-11-14
Oppenheimer Maintains Outperform NVIDIA Raises Price Target 175,2024-11-14
Crypto Surge And AI Demand Highlight Potential Opportunity In Direxions 2X Uranium ETF,2024-11-14
HSBC Maintains Buy NVIDIA Raises Price Target 200,2024-11-14
Susquehanna Maintains Positive NVIDIA Raises Price Target 180,2024-11-14
Raymond James Maintains Strong Buy NVIDIA Raises Price Target 170,2024-11-14
Nvidia To Rally Around 23 Here Are 10 Top Analyst Forecasts For Thursday,2024-11-14
TSMCs 65B Investment In US Will Help Avoid Trade Imbalance Says Taiwan Central Bank Governor As Trump Returns To White House,2024-11-14
Top 10 Trending Stocks On WallStreetBets As Of November 14 2024 Via Swaggy Stocks,2024-11-14
Inquiry Into NVIDIAs Competitor Dynamics In Semiconductors amp Semiconductor Equipment Industry,2024-11-14
ASML Projects Revenue Surge 63 Billion 2030 Eyes AI Chip Market Boom,2024-11-14
10 Information Technology Stocks Whale Activity In Todays Session,2024-11-14
Wedbush Maintains Outperform NVIDIA Raises Price Target 160,2024-11-14
Nvidia Powers Teslas Humanoid Robots With New AI Tech Heres What To Expect In 2025,2024-11-14
Heres How Billionaire Ken Fishers Hedge Fund Made 14 Billion Last Quarter,2024-11-14
Renaissance Technologies Shifts Gears Microsoft In Tesla Out Palantir On Top CORRECTED,2024-11-14
Nvidia Apple Suppliers Brace For Trumps Return Foxconn Pegatron Quanta Prepare For Rapid US Investment Boom,2024-11-15
Nvidia Set For Gains From AI Cloud Demand Blackwell Launch And Data Center Expansion Analyst,2024-11-15
Top 10 Trending Stocks On WallStreetBets As Of November 15 2024 Via Swaggy Stocks,2024-11-15
Market Clubhouse Morning Memo November 15th 2024 Trade Strategy For SPY QQQ AAPL MSFT NVDA GOOGL META And TSLA,2024-11-15
Analyzing NVIDIA In Comparison To Competitors In Semiconductors amp Semiconductor Equipment Industry,2024-11-15
Why Super Micros Future May Hinge On Nvidia Earnings Nasdaq Deadline UPDATED,2024-11-15
Powell Speaks The Truth Market Does Not Like It Consternation About Kennedy Gaetz And Hegseth,2024-11-15
10 Information Technology Stocks With Whale Alerts In Todays Session,2024-11-15
Nvidia Reveals 36 Stake In Applied Digital Stock Soars,2024-11-15
Return To 5 Bond Yields Could Tempt Investors Are Stocks At Risk Of Losing Out,2024-11-15
Elon Musks xAI Seeks 6B At 50B Valuation To Acquire 100K Nvidia Chips For Memphis Data Center,2024-11-15
Consumer Tech News November 1115 Apple Plans To Launch An AI Wall Tablet Meta Plans To Introduce Ads On Threads More,2024-11-16
Legendary Investor Rob Arnott Says Stock Market Looks And Feels Like The Year 2000 As Wall Street Rallies After Trumps Win Likely To See A Bear Market,2024-11-16
Nvidia Apple Suppliers Prepare For Policy Shifts Japans AI Leap And AMDs Workforce Cut This Week In AI,2024-11-17
Super Micro Computer Moderna And XPeng Were Among Top 10 Large Cap Stocks Losing Big Last Week November 1115 Check Out Other Losers,2024-11-17
Nvidias Blackwell Chips Are Extra Toasty Server Overheating Issues Impact Meta Microsoft And Elon Musks xAI,2024-11-17
Dell Ships First 72Nvidia GPU Monster AI Rocket Just Got A Massive Boost Says CEO,2024-11-18
Dow Tumbles Over 300 Points Following Economic Reports Nvidia Microsoft Decline Fear Greed Index Moves To Neutral Zone,2024-11-18
US Stocks On Edge As Investors Gear Up For Nvidia Retail Earnings Analyst Updates SP 500 Target For 2025 Says Market Is Expensive,2024-11-18
Trading Binary Outcomes On An Explosive Stock,2024-11-18
Cameco Applied Digital West Pharmaceutical And More On CNBCs Final Trades,2024-11-18
Super Micro Computer Surges In Monday PreMarket Amid Delisting Concerns Whats Happening,2024-11-18
Top 10 Trending Stocks On WallStreetBets As Of November 18 2024 Via Swaggy Stocks,2024-11-18
Investigating NVIDIAs Standing In Semiconductors amp Semiconductor Equipment Industry Compared To Competitors,2024-11-18
Neurogene Nvidia And Other Big Stocks Moving Lower In Mondays PreMarket Session,2024-11-18
Rosenblatt Maintains Buy NVIDIA Maintains 200 Price Target,2024-11-18
Whats Going On With Dell Technologies Stock Monday,2024-11-18
10 Information Technology Stocks With Whale Alerts In Todays Session,2024-11-18
A Must See Chart For Prudent Investors Trump To Help Tesla Dominate Nvidia Heat Problem,2024-11-18
Market Clubhouse Morning Memo November 18th 2024 Trade Strategy For SPY QQQ AAPL MSFT NVDA GOOGL META And TSLA,2024-11-18
Whats Going On With IonQ Stock Today,2024-11-18
Why Nvidia Earnings May Trigger Massive SP 500 Volatility,2024-11-18
Paul Tudor Jones Boosts Bitcoin Holdings Potentially Making BTC His Largest NonOptions Investment,2024-11-18
Turning Bullish On Supermicro,2024-11-18
Chinas Tech Giants Alibaba ByteDance And Meituan Are Expanding Their Silicon Valley AI Footprints Amid US Efforts To Block Progress Heres Why,2024-11-18
Bitcoin Ethereum Dogecoin Rise Amid TeslaFueled Tech Stocks Rally Popular Analyst Says BTC Could Reach 138K Before Major Pullback,2024-11-18
Potential Rise In Corporate Animal Spirits Turns Morgan Stanley Bullish On Stocks Predicts 11 Upside By 2025,2024-11-19
Nvidia Shares To Climb Over 140 Levels Says Technical Analyst Ahead Of Q3 Results Will Have To Beat Street Expectations For The Trend To Continue,2024-11-19
Tesla Is Back In The Future Fund Active ETFs Top 5 Holdings,2024-11-19
Nvidia Modestly At Risk Amid AI Chip Concerns Analyst Notes Momentum Money Swirling Around Sells First Asks Questions Later,2024-11-19
Super Micro Computer Is Up 30 In Tuesday PreMarket Whats Going On,2024-11-19
US Stocks Likely To Open In Red Amid Mounting Geopolitical Tensions Wharton Economist Says Market Trajectory Will Heavily Depend On Trumps Tariff Plans,2024-11-19
Truist Securities Maintains Buy NVIDIA Raises Price Target 167,2024-11-19
Stifel Maintains Buy NVIDIA Raises Price Target 180,2024-11-19
Nvidias Blackwell Chips Overheat Will Q3 Earnings Cool Investor Concerns,2024-11-19
Market Clubhouse Morning Memo November 19th 2024 Trade Strategy For SPY QQQ AAPL MSFT NVDA GOOGL META And TSLA,2024-11-19
Top 10 Trending Stocks On WallStreetBets As Of November 19 2024 Via Swaggy Stocks,2024-11-19
Analyzing NVIDIA In Comparison To Competitors In Semiconductors amp Semiconductor Equipment Industry,2024-11-19
Trump Trade Still Intact Says Tom Lee Expects Market Uncertainty To Subside After Nvidia Earnings Treasury Sec Announcement,2024-11-19
Nvidia Q3 Earnings Preview Analysts Expect BeatNRaise On Continued Data Center Strength,2024-11-19
Nvidia To Rally More Than 19 Here Are 10 Top Analyst Forecasts For Tuesday,2024-11-19
10 Information Technology Stocks Whale Activity In Todays Session,2024-11-19
SP 500 To Reach 6500 By End Of 2025 Analysts Predict Could It Spark MA Revival,2024-11-19
Microsofts AI Agents Are Here To Work Hard But Can They Lift MSFT Stock,2024-11-19
Nvidias Collaboration Google AI Advances NextGen Quantum Hardware,2024-11-19
Dell Hits A Golden Cross Can It Power Through Earnings Week,2024-11-19
Not World War III But New Russian Nuclear Doctrine Brings Selling In Stocks Walmart Breaks Out,2024-11-19
Bitcoin Dogecoin Gain Ethereum Drops As BlackRocks ETF Options Volume Breaches 1B On Debut Analyst Flags Opportunity To Buy ETH Before It Outperforms BTC,2024-11-19
Dan Ives Expects Drop The Mic Performance Tomorrow From Nvidia Heres Why,2024-11-19
Nvidia Microstrategy Apollo Global Management Joby Aviation And Tesla Why These 5 Stocks Are On Investors Radars Today,2024-11-19
Dogecoin Bitcoin Left In The Dust By AI Meme Coin GOAT As Nvidias Q3 Earnings Draw Near,2024-11-19
